{
  "timestamp": "2026-06-22T21:18:31.347472+00:00",
  "model_stats": {
    "gpt55_agent": {
      "total_samples": 6,
      "total_f1": 5.818054955315089,
      "total_recall": 5.868198304937273,
      "total_precision": 5.772937108439004,
      "total_found": 5276,
      "total_gold_field_pairs": 5398,
      "total_pred_field_pairs": 5443,
      "total_rows": 422,
      "errors": 0,
      "total_cost_usd": 9.011729,
      "total_input_tokens": 3334009,
      "total_output_tokens": 163206,
      "total_extraction_time": 1842.4,
      "by_tier": {
        "mixed": {
          "count": 2,
          "rows": 224,
          "f1_sum": 1.9653103941188483,
          "recall_sum": 1.9653103941188483,
          "found_sum": 2878,
          "gold_pairs_sum": 2936,
          "pred_pairs_sum": 2936,
          "avg_f1": 0.9826551970594242,
          "avg_recall": 0.9826551970594242,
          "weighted_recall": 0.9802452316076294,
          "weighted_precision": 0.9802452316076294,
          "weighted_f1": 0.9802452316076294
        },
        "multihop": {
          "count": 4,
          "rows": 198,
          "f1_sum": 3.8527445611962414,
          "recall_sum": 3.9028879108184253,
          "found_sum": 2398,
          "gold_pairs_sum": 2462,
          "pred_pairs_sum": 2507,
          "avg_f1": 0.9631861402990604,
          "avg_recall": 0.9757219777046063,
          "weighted_recall": 0.9740048740861088,
          "weighted_precision": 0.9565217391304348,
          "weighted_f1": 0.965184141678406
        }
      },
      "by_format": {
        "crosspage": {
          "count": 6,
          "rows": 422,
          "f1_sum": 5.818054955315089,
          "recall_sum": 5.868198304937273,
          "found_sum": 5276,
          "gold_pairs_sum": 5398,
          "pred_pairs_sum": 5443,
          "avg_f1": 0.9696758258858482,
          "avg_recall": 0.9780330508228788,
          "weighted_recall": 0.977399036680252,
          "weighted_precision": 0.9693183905934227,
          "weighted_f1": 0.973341942625219
        }
      },
      "by_transcript": {
        "ocr": {
          "count": 6,
          "rows": 422,
          "f1_sum": 5.818054955315089,
          "recall_sum": 5.868198304937273,
          "found_sum": 5276,
          "gold_pairs_sum": 5398,
          "pred_pairs_sum": 5443,
          "avg_f1": 0.9696758258858482,
          "avg_recall": 0.9780330508228788,
          "weighted_recall": 0.977399036680252,
          "weighted_precision": 0.9693183905934227,
          "weighted_f1": 0.973341942625219
        }
      },
      "avg_f1": 0.9696758258858482,
      "avg_recall": 0.9780330508228788,
      "avg_precision": 0.962156184739834,
      "weighted_recall": 0.977399036680252,
      "weighted_precision": 0.9693183905934227,
      "weighted_f1": 0.973341942625219
    }
  },
  "detailed_results": [
    {
      "model": "gpt55_agent",
      "sample": "mixed_040_001_crosspage",
      "tier": "mixed",
      "format": "crosspage",
      "transcript": "ocr",
      "metrics": {
        "ground_truth_count": 40,
        "predicted_count": 40,
        "found": 934,
        "recall": 0.989406779661017,
        "precision": 0.989406779661017,
        "f1": 0.989406779661017,
        "missing": 0,
        "extra": 0,
        "missing_ids": [],
        "extra_ids": [],
        "exact_record_matches": 30,
        "total_gold_field_pairs": 944,
        "total_pred_field_pairs": 944
      },
      "extraction_time": 265.2,
      "tokens": {
        "requests": 1,
        "input_tokens": 422596,
        "cached_input_tokens": 0,
        "output_tokens": 25055,
        "total_tokens": 447651
      },
      "cost_usd": 1.300214,
      "error": null
    },
    {
      "model": "gpt55_agent",
      "sample": "mixed_cgl_040_001",
      "tier": "mixed",
      "format": "crosspage",
      "transcript": "ocr",
      "metrics": {
        "ground_truth_count": 184,
        "predicted_count": 184,
        "found": 1944,
        "recall": 0.9759036144578314,
        "precision": 0.9759036144578314,
        "f1": 0.9759036144578314,
        "missing": 0,
        "extra": 0,
        "missing_ids": [],
        "extra_ids": [],
        "exact_record_matches": 0,
        "total_gold_field_pairs": 1992,
        "total_pred_field_pairs": 1992,
        "by_record_type": {
          "cgl_exposure_item": {
            "ground_truth_count": 40,
            "predicted_count": 40,
            "matched_records": 40,
            "found": 784,
            "total_gold_field_pairs": 800,
            "total_pred_field_pairs": 800,
            "missing": 0,
            "extra": 0,
            "recall": 0.98,
            "precision": 0.98,
            "f1": 0.98
          },
          "policy_location_item": {
            "ground_truth_count": 40,
            "predicted_count": 40,
            "matched_records": 40,
            "found": 240,
            "total_gold_field_pairs": 240,
            "total_pred_field_pairs": 240,
            "missing": 0,
            "extra": 0,
            "recall": 1.0,
            "precision": 1.0,
            "f1": 1.0
          },
          "policy_form_item": {
            "ground_truth_count": 40,
            "predicted_count": 40,
            "matched_records": 40,
            "found": 264,
            "total_gold_field_pairs": 280,
            "total_pred_field_pairs": 280,
            "missing": 0,
            "extra": 0,
            "recall": 0.9428571428571428,
            "precision": 0.9428571428571428,
            "f1": 0.9428571428571428
          },
          "policy_endorsement_item": {
            "ground_truth_count": 24,
            "predicted_count": 24,
            "matched_records": 24,
            "found": 312,
            "total_gold_field_pairs": 312,
            "total_pred_field_pairs": 312,
            "missing": 0,
            "extra": 0,
            "recall": 1.0,
            "precision": 1.0,
            "f1": 1.0
          },
          "policy_premium_item": {
            "ground_truth_count": 40,
            "predicted_count": 40,
            "matched_records": 40,
            "found": 344,
            "total_gold_field_pairs": 360,
            "total_pred_field_pairs": 360,
            "missing": 0,
            "extra": 0,
            "recall": 0.9555555555555556,
            "precision": 0.9555555555555556,
            "f1": 0.9555555555555556
          }
        }
      },
      "extraction_time": 486.6,
      "tokens": {
        "requests": 1,
        "input_tokens": 660235,
        "cached_input_tokens": 0,
        "output_tokens": 41784,
        "total_tokens": 702019
      },
      "cost_usd": 2.209223,
      "error": null
    },
    {
      "model": "gpt55_agent",
      "sample": "multihop_012_001_crosspage",
      "tier": "multihop",
      "format": "crosspage",
      "transcript": "ocr",
      "metrics": {
        "ground_truth_count": 12,
        "predicted_count": 12,
        "found": 287,
        "recall": 0.9930795847750865,
        "precision": 0.9930795847750865,
        "f1": 0.9930795847750865,
        "missing": 0,
        "extra": 0,
        "missing_ids": [],
        "extra_ids": [],
        "exact_record_matches": 10,
        "total_gold_field_pairs": 289,
        "total_pred_field_pairs": 289
      },
      "extraction_time": 188.3,
      "tokens": {
        "requests": 1,
        "input_tokens": 438269,
        "cached_input_tokens": 0,
        "output_tokens": 17745,
        "total_tokens": 456014
      },
      "cost_usd": 1.057903,
      "error": null
    },
    {
      "model": "gpt55_agent",
      "sample": "multihop_025_001_crosspage",
      "tier": "multihop",
      "format": "crosspage",
      "transcript": "ocr",
      "metrics": {
        "ground_truth_count": 25,
        "predicted_count": 25,
        "found": 582,
        "recall": 0.9897959183673469,
        "precision": 0.9897959183673469,
        "f1": 0.9897959183673469,
        "missing": 0,
        "extra": 0,
        "missing_ids": [],