{
  "timestamp": "2026-06-21T18:43:00.538157+00:00",
  "model_stats": {
    "gpt55_agent": {
      "total_samples": 6,
      "total_f1": 5.569195310508513,
      "total_recall": 5.610841287667297,
      "total_precision": 5.531644626111183,
      "total_found": 7214,
      "total_gold_field_pairs": 7729,
      "total_pred_field_pairs": 7794,
      "total_rows": 422,
      "errors": 0,
      "total_cost_usd": 9.011728999999999,
      "total_input_tokens": 3334009,
      "total_output_tokens": 163206,
      "total_extraction_time": 1842.4,
      "by_tier": {
        "multihop": {
          "count": 4,
          "rows": 198,
          "f1_sum": 3.661183743222752,
          "recall_sum": 3.7028297203815352,
          "found_sum": 3288,
          "gold_pairs_sum": 3561,
          "pred_pairs_sum": 3626,
          "avg_f1": 0.915295935805688,
          "avg_recall": 0.9257074300953838,
          "weighted_recall": 0.9233361415332771,
          "weighted_precision": 0.906784335355764,
          "weighted_f1": 0.91498539028802
        },
        "mixed": {
          "count": 2,
          "rows": 224,
          "f1_sum": 1.9080115672857607,
          "recall_sum": 1.9080115672857607,
          "found_sum": 3926,
          "gold_pairs_sum": 4168,
          "pred_pairs_sum": 4168,
          "avg_f1": 0.9540057836428804,
          "avg_recall": 0.9540057836428804,
          "weighted_recall": 0.9419385796545106,
          "weighted_precision": 0.9419385796545106,
          "weighted_f1": 0.9419385796545106
        }
      },
      "by_format": {
        "crosspage": {
          "count": 6,
          "rows": 422,
          "f1_sum": 5.569195310508513,
          "recall_sum": 5.610841287667297,
          "found_sum": 7214,
          "gold_pairs_sum": 7729,
          "pred_pairs_sum": 7794,
          "avg_f1": 0.9281992184180855,
          "avg_recall": 0.9351402146112161,
          "weighted_recall": 0.9333678354250227,
          "weighted_precision": 0.9255837823967155,
          "weighted_f1": 0.9294595116923277
        }
      },
      "by_transcript": {
        "ocr": {
          "count": 6,
          "rows": 422,
          "f1_sum": 5.569195310508513,
          "recall_sum": 5.610841287667297,
          "found_sum": 7214,
          "gold_pairs_sum": 7729,
          "pred_pairs_sum": 7794,
          "avg_f1": 0.9281992184180855,
          "avg_recall": 0.9351402146112161,
          "weighted_recall": 0.9333678354250227,
          "weighted_precision": 0.9255837823967155,
          "weighted_f1": 0.9294595116923277
        }
      },
      "avg_f1": 0.9281992184180855,
      "avg_recall": 0.9351402146112161,
      "avg_precision": 0.9219407710185306,
      "weighted_recall": 0.9333678354250227,
      "weighted_precision": 0.9255837823967155,
      "weighted_f1": 0.9294595116923277
    }
  },
  "detailed_results": [
    {
      "model": "gpt55_agent",
      "sample": "multihop_012_001_crosspage",
      "tier": "multihop",
      "format": "crosspage",
      "transcript": "ocr",
      "metrics": {
        "ground_truth_count": 12,
        "predicted_count": 12,
        "found": 430,
        "recall": 0.9953703703703703,
        "precision": 0.9953703703703703,
        "f1": 0.9953703703703703,
        "missing": 0,
        "extra": 0,
        "missing_ids": [],
        "extra_ids": [],
        "exact_record_matches": 10,
        "total_gold_field_pairs": 432,
        "total_pred_field_pairs": 432
      },
      "extraction_time": 188.3,
      "tokens": {
        "requests": 1,
        "input_tokens": 438269,
        "cached_input_tokens": 0,
        "output_tokens": 17745,
        "total_tokens": 456014
      },
      "cost_usd": 1.057903,
      "error": null
    },
    {
      "model": "gpt55_agent",
      "sample": "multihop_025_001_crosspage",
      "tier": "multihop",
      "format": "crosspage",
      "transcript": "ocr",
      "metrics": {
        "ground_truth_count": 25,
        "predicted_count": 25,
        "found": 894,
        "recall": 0.9933333333333333,
        "precision": 0.9933333333333333,
        "f1": 0.9933333333333333,
        "missing": 0,
        "extra": 0,
        "missing_ids": [],
        "extra_ids": [],
        "exact_record_matches": 19,
        "total_gold_field_pairs": 900,
        "total_pred_field_pairs": 900
      },
      "extraction_time": 175.2,
      "tokens": {
        "requests": 1,
        "input_tokens": 296092,
        "cached_input_tokens": 0,
        "output_tokens": 18198,
        "total_tokens": 314290
      },
      "cost_usd": 0.932,
      "error": null
    },
    {
      "model": "gpt55_agent",
      "sample": "mixed_040_001_crosspage",
      "tier": "mixed",
      "format": "crosspage",
      "transcript": "ocr",
      "metrics": {
        "ground_truth_count": 40,
        "predicted_count": 40,
        "found": 1430,
        "recall": 0.9930555555555556,
        "precision": 0.9930555555555556,
        "f1": 0.9930555555555556,
        "missing": 0,
        "extra": 0,
        "missing_ids": [],
        "extra_ids": [],
        "exact_record_matches": 30,
        "total_gold_field_pairs": 1440,
        "total_pred_field_pairs": 1440
      },
      "extraction_time": 265.2,
      "tokens": {
        "requests": 1,
        "input_tokens": 422596,
        "cached_input_tokens": 0,
        "output_tokens": 25055,
        "total_tokens": 447651
      },
      "cost_usd": 1.300214,
      "error": null
    },
    {
      "model": "gpt55_agent",
      "sample": "multihop_bop_012_001",
      "tier": "multihop",
      "format": "crosspage",
      "transcript": "ocr",
      "metrics": {
        "ground_truth_count": 48,
        "predicted_count": 53,
        "found": 480,
        "recall": 0.8053691275167785,
        "precision": 0.7261724659606656,
        "f1": 0.7637231503579952,
        "missing": 0,
        "extra": 5,
        "missing_ids": [],
        "extra_ids": [
          "policy_endorsement_item | policy_number=QB814260 | coverage=Outdoor Property | form_number=BPA6218 | form_title=NEW HAMPSHIRE CHANGES - CANCELLATION AND NONRENEWAL | location_number=001 | building_number=002",
          "policy_endorsement_item | policy_number=QB814260 | coverage=Ordinary Payroll Limitation | form_number=BPA6223 | form_title=MAINE CHANGES - APPRAISAL | location_number=002 | building_number=002",
          "policy_endorsement_item | policy_number=QB814260 | coverage=Business Personal Property | form_number=BPA6237 | form_title=MAINE CHANGES - APPRAISAL | location_number=002 | building_number=001",
          "policy_endorsement_item | policy_number=QB814260 | coverage=Employee Dishonesty | form_number=BPA6252 | form_title=NEW HAMPSHIRE CHANGES - CANCELLATION AND NONRENEWAL | location_number=001 | building_number=001",
          "policy_endorsement_item | policy_number=QB814260 | coverage=PFAS Exclusion | form_number=BPA6258 | form_title=NEW HAMPSHIRE CHANGES - CANCELLATION AND NONRENEWAL | location_number=001 | building_number=002"
        ],
        "exact_record_matches": 0,
        "total_gold_field_pairs": 596,
        "total_pred_field_pairs": 661,
        "by_record_type": {
          "bop_coverage_item": {
            "ground_truth_count": 12,
            "predicted_count": 12,
            "matched_records": 12,
            "missing": 0,
            "extra": 0,
            "found": 204,
            "total_gold_field_pairs": 228,
            "total_pred_field_pairs": 228,
            "recall": 0.8947368421052632,
            "precision": 0.8947368421052632,
            "f1": 0.8947368421052632
          },
          "policy_endorsement_item": {
            "ground_truth_count": 8,
            "predicted_count": 13,
            "matched_records": 8,
            "missing": 0,
            "extra": 5,
            "found": 80,
            "total_gold_field_pairs": 104,
            "total_pred_field_pairs": 169,
            "recall": 0.7692307692307693,
            "precision": 0.47337278106508873,